file	color	const_color	size	padding
src/chart.rs	0	0	0	1
src/chart/comparison.rs	0	0	0	4
src/chart/indicator/kline/cumulative_delta.rs	0	0	0	1
src/chart/indicator/kline/open_interest.rs	0	0	0	1
src/main.rs	0	0	0	6
src/modal/audio.rs	0	0	0	5
src/modal/layout_manager.rs	0	0	0	1
src/modal/network_manager.rs	0	0	0	2
src/modal/pane/indicators.rs	0	0	0	1
src/modal/pane/settings.rs	0	0	0	12
src/modal/pane/stream.rs	0	0	0	6
src/modal/theme_editor.rs	0	0	0	1
src/screen/dashboard.rs	0	0	0	1
src/screen/dashboard/tickers_table.rs	0	0	0	4
src/widget.rs	0	0	0	5
src/widget/chart/heatmap.rs	0	0	0	1
src/widget/color_picker.rs	0	0	0	1
src/widget/toast.rs	0	0	0	3
src/ws/backtest_launch_view.rs	4	4	7	2
src/ws/c4_view.rs	6	6	14	5
src/ws/customchart.rs	10	2	0	1
src/ws/data_picker_view.rs	5	5	13	3
src/ws/egress_view.rs	7	7	22	5
src/ws/factory_view.rs	29	8	32	7
src/ws/feature_lab_view.rs	13	6	9	2
src/ws/news_view.rs	8	8	43	13
src/ws/observatory_view.rs	7	6	78	11
src/ws/options_view.rs	6	6	7	1
src/ws/pm_binance_view.rs	6	6	16	1
src/ws/pm_replay_view.rs	8	6	27	3
src/ws/prediction_view.rs	6	6	25	6
src/ws/procs_view.rs	6	6	20	3
src/ws/radar_view.rs	23	8	81	17
src/ws/recorder_view.rs	46	0	48	1
src/ws/staleness.rs	1	1	0	0
src/ws/tardis_board_view.rs	29	5	18	8
src/ws/tardis_replay_view.rs	12	0	13	1
